ticker_symbol,company_name,day_date,close_value,volume,open_value,high_value,low_value
TSLA,Tesla Inc,2019-01-01,332.8,6294298,337.79,339.21,325.26
TSLA,Tesla Inc,2019-01-02,310.12,11611270,306.1,315.13,298.8
TSLA,Tesla Inc,2019-01-03,300.36,6948577,307.0,309.4,297.38
TSLA,Tesla Inc,2019-01-04,317.69,7382755,306.0,318.0,302.73
TSLA,Tesla Inc,2019-01-05,317.69,7382755,306.0,318.0,302.73
TSLA,Tesla Inc,2019-01-06,317.69,7382755,306.0,318.0,302.73
TSLA,Tesla Inc,2019-01-07,334.96,7542338,321.72,336.74,317.7508
TSLA,Tesla Inc,2019-01-08,335.35,6994427,341.96,344.01,327.02
TSLA,Tesla Inc,2019-01-09,338.53,5426618,335.5,343.5025,331.47
TSLA,Tesla Inc,2019-01-10,344.97,6049621,334.4,345.39,331.79
TSLA,Tesla Inc,2019-01-11,347.26,5035078,342.09,348.41,338.77
TSLA,Tesla Inc,2019-01-12,347.26,5035078,342.09,348.41,338.77
TSLA,Tesla Inc,2019-01-13,347.26,5035078,342.09,348.41,338.77
TSLA,Tesla Inc,2019-01-14,334.4,5232690,342.38,342.5,334.0
TSLA,Tesla Inc,2019-01-15,344.43,6047890,335.0,348.8,334.5
TSLA,Tesla Inc,2019-01-16,346.05,4677227,344.78,352.0,343.5
TSLA,Tesla Inc,2019-01-17,347.31,3661162,346.21,351.5,344.15
TSLA,Tesla Inc,2019-01-18,302.26,24079260,323.0,327.1297,299.7301
TSLA,Tesla Inc,2019-01-19,302.26,24079260,323.0,327.1297,299.7301
TSLA,Tesla Inc,2019-01-20,302.26,24079260,323.0,327.1297,299.7301
TSLA,Tesla Inc,2019-01-21,302.26,24079260,323.0,327.1297,299.7301
TSLA,Tesla Inc,2019-01-22,298.92,12052130,304.82,308.0,295.5
TSLA,Tesla Inc,2019-01-23,287.59,12513080,292.5,294.5,281.69
TSLA,Tesla Inc,2019-01-24,291.51,7990911,283.03,293.68,279.2831
TSLA,Tesla Inc,2019-01-25,297.04,7102781,294.39,298.5195,289.55
TSLA,Tesla Inc,2019-01-26,297.04,7102781,294.39,298.5195,289.55
TSLA,Tesla Inc,2019-01-27,297.04,7102781,294.39,298.5195,289.55
TSLA,Tesla Inc,2019-01-28,296.38,6409477,292.91,297.46,287.75
TSLA,Tesla Inc,2019-01-29,297.46,4602933,295.27,298.5566,291.8
TSLA,Tesla Inc,2019-01-30,308.77,10594040,300.45,309.0,298.49
TSLA,Tesla Inc,2019-01-31,307.02,12545190,301.0,311.5636,294.0
TSLA,Tesla Inc,2019-02-01,312.21,7263618,305.42,316.1,303.5
TSLA,Tesla Inc,2019-02-02,312.21,7263618,305.42,316.1,303.5
TSLA,Tesla Inc,2019-02-03,312.21,7263618,305.42,316.1,303.5
TSLA,Tesla Inc,2019-02-04,312.89,7344076,312.98,315.3,301.88
TSLA,Tesla Inc,2019-02-05,321.35,6734739,312.49,322.44,312.2494
TSLA,Tesla Inc,2019-02-06,317.22,5031368,319.59,324.24,315.624
TSLA,Tesla Inc,2019-02-07,307.51,6511830,313.3,314.7,303.0
TSLA,Tesla Inc,2019-02-08,305.8,5835078,306.83,307.445,298.5
TSLA,Tesla Inc,2019-02-09,305.8,5835078,306.83,307.445,298.5
TSLA,Tesla Inc,2019-02-10,305.8,5835078,306.83,307.445,298.5
TSLA,Tesla Inc,2019-02-11,312.84,7114012,311.6,318.6,310.5
TSLA,Tesla Inc,2019-02-12,311.81,5485419,316.2,318.19,309.62
TSLA,Tesla Inc,2019-02-13,308.17,5130398,312.35,312.75,305.57
TSLA,Tesla Inc,2019-02-14,303.77,5190887,303.38,306.77,301.0
TSLA,Tesla Inc,2019-02-15,307.88,3895815,304.5,308.0,303.9
TSLA,Tesla Inc,2019-02-16,307.88,3895815,304.5,308.0,303.9
TSLA,Tesla Inc,2019-02-17,307.88,3895815,304.5,308.0,303.9
TSLA,Tesla Inc,2019-02-18,307.88,3895815,304.5,308.0,303.9
TSLA,Tesla Inc,2019-02-19,305.64,4120520,306.56,311.5442,305.47
TSLA,Tesla Inc,2019-02-20,302.56,7132969,304.41,306.3,299.0
TSLA,Tesla Inc,2019-02-21,291.23,8880830,301.81,303.2399,290.5
TSLA,Tesla Inc,2019-02-22,294.71,5731380,294.49,296.5,292.1
TSLA,Tesla Inc,2019-02-23,294.71,5731380,294.49,296.5,292.1
TSLA,Tesla Inc,2019-02-24,294.71,5731380,294.49,296.5,292.1
TSLA,Tesla Inc,2019-02-25,298.77,6213701,297.91,302.9044,297.0005
TSLA,Tesla Inc,2019-02-26,297.86,8571609,292.22,302.01,288.7701
TSLA,Tesla Inc,2019-02-27,314.74,11144100,301.78,316.295,300.55
TSLA,Tesla Inc,2019-02-28,319.88,9666224,318.92,320.0,310.81
TSLA,Tesla Inc,2019-03-01,294.79,22848750,306.94,307.13,291.9
TSLA,Tesla Inc,2019-03-02,294.79,22848750,306.94,307.13,291.9
TSLA,Tesla Inc,2019-03-03,294.79,22848750,306.94,307.13,291.9
TSLA,Tesla Inc,2019-03-04,285.36,17068890,298.12,299.0,282.78
TSLA,Tesla Inc,2019-03-05,276.54,18729800,282.0,284.0,270.1
TSLA,Tesla Inc,2019-03-06,276.24,10319370,276.48,281.5058,274.39
TSLA,Tesla Inc,2019-03-07,276.59,9410697,278.84,284.7,274.25
TSLA,Tesla Inc,2019-03-08,284.14,8805772,276.91,285.59,275.89
TSLA,Tesla Inc,2019-03-09,284.14,8805772,276.91,285.59,275.89
TSLA,Tesla Inc,2019-03-10,284.14,8805772,276.91,285.59,275.89
TSLA,Tesla Inc,2019-03-11,290.92,7372298,283.52,291.28,280.5
TSLA,Tesla Inc,2019-03-12,283.36,7488037,286.49,288.07,281.06
TSLA,Tesla Inc,2019-03-13,288.96,6817854,283.9,291.99,282.7
TSLA,Tesla Inc,2019-03-14,289.96,7048138,292.45,295.39,288.29
TSLA,Tesla Inc,2019-03-15,275.43,14757360,283.51,283.7244,274.4
TSLA,Tesla Inc,2019-03-16,275.43,14757360,283.51,283.7244,274.4
TSLA,Tesla Inc,2019-03-17,275.43,14757360,283.51,283.7244,274.4
TSLA,Tesla Inc,2019-03-18,269.49,10264960,276.0,278.05,267.3
TSLA,Tesla Inc,2019-03-19,267.47,11774330,267.5,273.3,263.46
TSLA,Tesla Inc,2019-03-20,273.6,6881976,269.69,274.97,266.3
TSLA,Tesla Inc,2019-03-21,274.02,5930925,272.6,276.45,268.45
TSLA,Tesla Inc,2019-03-22,264.53,8721950,272.58,272.8,264.0
TSLA,Tesla Inc,2019-03-23,264.53,8721950,272.58,272.8,264.0
TSLA,Tesla Inc,2019-03-24,264.53,8721950,272.58,272.8,264.0
TSLA,Tesla Inc,2019-03-25,260.42,10205080,259.71,263.18,254.46
TSLA,Tesla Inc,2019-03-26,267.77,7341868,264.44,270.26,264.43
TSLA,Tesla Inc,2019-03-27,274.83,8752384,268.75,275.37,268.1838
TSLA,Tesla Inc,2019-03-28,278.62,6764921,277.16,280.33,275.1
TSLA,Tesla Inc,2019-03-29,279.86,5980355,278.7,280.16,274.5
TSLA,Tesla Inc,2019-03-30,279.86,5980355,278.7,280.16,274.5
TSLA,Tesla Inc,2019-03-31,279.86,5980355,278.7,280.16,274.5
TSLA,Tesla Inc,2019-04-01,289.18,8093134,282.62,289.2,281.281
TSLA,Tesla Inc,2019-04-02,285.88,5427184,288.3,289.44,283.88
TSLA,Tesla Inc,2019-04-03,291.81,7916650,287.32,296.17,287.17
TSLA,Tesla Inc,2019-04-04,267.78,23680170,261.89,271.2,260.59
TSLA,Tesla Inc,2019-04-05,274.96,13022740,269.86,276.1,266.11
TSLA,Tesla Inc,2019-04-06,274.96,13022740,269.86,276.1,266.11
TSLA,Tesla Inc,2019-04-07,274.96,13022740,269.86,276.1,266.11
TSLA,Tesla Inc,2019-04-08,273.2,10364600,277.69,281.16,270.44
TSLA,Tesla Inc,2019-04-09,272.31,5893247,271.65,275.0,269.61
TSLA,Tesla Inc,2019-04-10,276.06,7045034,276.74,278.38,272.8925
TSLA,Tesla Inc,2019-04-11,268.42,9781294,268.3,270.5,265.6
TSLA,Tesla Inc,2019-04-12,267.7,6735386,270.22,271.95,266.83
TSLA,Tesla Inc,2019-04-13,267.7,6735386,270.22,271.95,266.83
TSLA,Tesla Inc,2019-04-14,267.7,6735386,270.22,271.95,266.83
TSLA,Tesla Inc,2019-04-15,266.38,10032490,268.63,268.88,258.63
TSLA,Tesla Inc,2019-04-16,273.36,7266504,265.75,275.0,264.72
TSLA,Tesla Inc,2019-04-17,271.23,5118011,274.75,274.79,268.535
TSLA,Tesla Inc,2019-04-18,273.26,5861478,271.23,274.84,269.75
TSLA,Tesla Inc,2019-04-19,273.26,5861478,271.23,274.84,269.75
TSLA,Tesla Inc,2019-04-20,273.26,5861478,271.23,274.84,269.75
TSLA,Tesla Inc,2019-04-21,273.26,5861478,271.23,274.84,269.75
TSLA,Tesla Inc,2019-04-22,262.75,12101690,269.0,269.68,262.48
TSLA,Tesla Inc,2019-04-23,263.9,10909350,260.15,265.6,255.75
TSLA,Tesla Inc,2019-04-24,258.66,9657061,263.85,265.32,258.0
TSLA,Tesla Inc,2019-04-25,247.63,21823380,255.0,259.0,246.07
TSLA,Tesla Inc,2019-04-26,235.14,22151160,246.5,246.68,231.13
TSLA,Tesla Inc,2019-04-27,235.14,22151160,246.5,246.68,231.13
TSLA,Tesla Inc,2019-04-28,235.14,22151160,246.5,246.68,231.13
TSLA,Tesla Inc,2019-04-29,241.47,16686620,235.86,243.98,232.17
TSLA,Tesla Inc,2019-04-30,238.69,9446965,242.06,244.21,237.0
TSLA,Tesla Inc,2019-05-01,234.01,10704350,238.85,240.0,231.5
TSLA,Tesla Inc,2019-05-02,244.1,18159340,245.52,247.13,237.72
TSLA,Tesla Inc,2019-05-03,255.03,23706770,243.86,256.61,243.49
TSLA,Tesla Inc,2019-05-04,255.03,23706770,243.86,256.61,243.49
TSLA,Tesla Inc,2019-05-05,255.03,23706770,243.86,256.61,243.49
TSLA,Tesla Inc,2019-05-06,255.34,10833940,250.02,258.3499,248.5
TSLA,Tesla Inc,2019-05-07,247.06,10131410,256.8,257.21,245.1
TSLA,Tesla Inc,2019-05-08,244.84,6176440,246.94,250.599,244.2
TSLA,Tesla Inc,2019-05-09,241.98,6711382,242.0,243.68,236.9434
TSLA,Tesla Inc,2019-05-10,239.52,7008336,239.75,241.99,236.02
TSLA,Tesla Inc,2019-05-11,239.52,7008336,239.75,241.99,236.02
TSLA,Tesla Inc,2019-05-12,239.52,7008336,239.75,241.99,236.02
TSLA,Tesla Inc,2019-05-13,227.01,10834800,232.01,232.47,224.5
TSLA,Tesla Inc,2019-05-14,232.31,7252412,229.3,234.5,228.0
TSLA,Tesla Inc,2019-05-15,231.95,7295976,229.32,232.44,225.25
TSLA,Tesla Inc,2019-05-16,228.33,7483273,229.49,231.0,226.5
TSLA,Tesla Inc,2019-05-17,211.03,17786670,221.96,222.24,208.92
TSLA,Tesla Inc,2019-05-18,211.03,17786670,221.96,222.24,208.92
TSLA,Tesla Inc,2019-05-19,211.03,17786670,221.96,222.24,208.92
TSLA,Tesla Inc,2019-05-20,205.36,20526200,202.8,206.0,195.25
TSLA,Tesla Inc,2019-05-21,205.08,18003900,197.76,207.4,196.04
TSLA,Tesla Inc,2019-05-22,192.73,18685190,199.1,203.94,191.78
TSLA,Tesla Inc,2019-05-23,195.49,26547140,194.34,199.465,186.22
TSLA,Tesla Inc,2019-05-24,190.63,14136570,199.83,199.98,188.7505
TSLA,Tesla Inc,2019-05-25,190.63,14136570,199.83,199.98,188.7505
TSLA,Tesla Inc,2019-05-26,190.63,14136570,199.83,199.98,188.7505
TSLA,Tesla Inc,2019-05-27,190.63,14136570,199.83,199.98,188.7505
TSLA,Tesla Inc,2019-05-28,188.7,10312900,191.2,195.0,187.85
TSLA,Tesla Inc,2019-05-29,189.86,11968640,187.1,192.39,185.0401
TSLA,Tesla Inc,2019-05-30,188.22,7926475,188.75,192.255,187.02
TSLA,Tesla Inc,2019-05-31,185.16,10406730,185.1,189.9204,184.1
TSLA,Tesla Inc,2019-06-01,185.16,10406730,185.1,189.9204,184.1
TSLA,Tesla Inc,2019-06-02,185.16,10406730,185.1,189.9204,184.1
TSLA,Tesla Inc,2019-06-03,178.97,13064410,185.51,186.68,176.9919
TSLA,Tesla Inc,2019-06-04,193.6,13807520,181.1,193.98,179.61
TSLA,Tesla Inc,2019-06-05,196.59,13510760,198.68,201.2782,191.8486
TSLA,Tesla Inc,2019-06-06,205.95,20242150,204.44,211.0,201.8
TSLA,Tesla Inc,2019-06-07,204.5,16003530,205.0,210.8438,203.499
TSLA,Tesla Inc,2019-06-08,204.5,16003530,205.0,210.8438,203.499
TSLA,Tesla Inc,2019-06-09,204.5,16003530,205.0,210.8438,203.499
TSLA,Tesla Inc,2019-06-10,212.88,10585040,210.25,216.94,209.01
TSLA,Tesla Inc,2019-06-11,217.1,11653540,219.144,220.9,213.5
TSLA,Tesla Inc,2019-06-12,209.26,15197540,222.95,223.38,209.0
TSLA,Tesla Inc,2019-06-13,213.91,8168260,210.38,214.9,207.5103
TSLA,Tesla Inc,2019-06-14,214.92,7433402,211.25,216.65,210.4
TSLA,Tesla Inc,2019-06-15,214.92,7433402,211.25,216.65,210.4
TSLA,Tesla Inc,2019-06-16,214.92,7433402,211.25,216.65,210.4
TSLA,Tesla Inc,2019-06-17,225.03,12316800,215.48,227.0,214.27
TSLA,Tesla Inc,2019-06-18,224.74,12715790,228.72,234.74,222.56
TSLA,Tesla Inc,2019-06-19,226.43,6575135,225.11,227.77,221.06
TSLA,Tesla Inc,2019-06-20,219.62,11863460,223.0,226.9,216.35
TSLA,Tesla Inc,2019-06-21,221.86,8202078,216.22,222.18,215.5
TSLA,Tesla Inc,2019-06-22,221.86,8202078,216.22,222.18,215.5
TSLA,Tesla Inc,2019-06-23,221.86,8202078,216.22,222.18,215.5
TSLA,Tesla Inc,2019-06-24,223.64,5750771,223.24,225.86,221.02
TSLA,Tesla Inc,2019-06-25,219.76,6182071,224.39,225.34,219.49
TSLA,Tesla Inc,2019-06-26,219.27,8507208,220.31,227.23,218.1
TSLA,Tesla Inc,2019-06-27,222.84,6339710,219.45,222.9,217.35
TSLA,Tesla Inc,2019-06-28,223.46,6851384,220.99,225.17,220.8
TSLA,Tesla Inc,2019-06-29,223.46,6851384,220.99,225.17,220.8
TSLA,Tesla Inc,2019-06-30,223.46,6851384,220.99,225.17,220.8
TSLA,Tesla Inc,2019-07-01,227.17,8237964,230.21,233.0995,226.28
TSLA,Tesla Inc,2019-07-02,224.55,9259027,228.89,229.15,222.22
TSLA,Tesla Inc,2019-07-03,234.9,14201150,239.39,241.57,234.51
TSLA,Tesla Inc,2019-07-04,234.9,14201150,239.39,241.57,234.51
TSLA,Tesla Inc,2019-07-05,233.1,7065738,234.57,235.45,230.8
TSLA,Tesla Inc,2019-07-06,233.1,7065738,234.57,235.45,230.8
TSLA,Tesla Inc,2019-07-07,233.1,7065738,234.57,235.45,230.8
TSLA,Tesla Inc,2019-07-08,230.34,5880542,231.24,232.25,228.66
TSLA,Tesla Inc,2019-07-09,230.06,6190835,228.97,231.0,227.28
TSLA,Tesla Inc,2019-07-10,238.92,9145736,234.15,238.94,233.14
TSLA,Tesla Inc,2019-07-11,238.6,7514430,238.14,241.5,235.8
TSLA,Tesla Inc,2019-07-12,245.08,9200521,239.75,245.38,239.71
TSLA,Tesla Inc,2019-07-13,245.08,9200521,239.75,245.38,239.71
TSLA,Tesla Inc,2019-07-14,245.08,9200521,239.75,245.38,239.71
TSLA,Tesla Inc,2019-07-15,253.5,11000090,248.0,254.42,244.86
TSLA,Tesla Inc,2019-07-16,252.38,8148989,249.3,253.53,247.9325
TSLA,Tesla Inc,2019-07-17,254.86,9764727,255.67,258.31,253.35
TSLA,Tesla Inc,2019-07-18,253.54,4764483,255.05,255.75,251.885
TSLA,Tesla Inc,2019-07-19,258.18,7048410,255.69,259.96,254.62
TSLA,Tesla Inc,2019-07-20,258.18,7048410,255.69,259.96,254.62
TSLA,Tesla Inc,2019-07-21,258.18,7048410,255.69,259.96,254.62
TSLA,Tesla Inc,2019-07-22,255.68,6846273,258.75,262.155,254.1911
TSLA,Tesla Inc,2019-07-23,260.17,5023121,256.71,260.48,254.5
TSLA,Tesla Inc,2019-07-24,264.88,11072840,259.17,266.07,258.1601
TSLA,Tesla Inc,2019-07-25,228.82,22418250,233.5,234.5,225.5501
TSLA,Tesla Inc,2019-07-26,228.04,10027700,226.92,230.26,222.25
TSLA,Tesla Inc,2019-07-27,228.04,10027700,226.92,230.26,222.25
TSLA,Tesla Inc,2019-07-28,228.04,10027700,226.92,230.26,222.25
TSLA,Tesla Inc,2019-07-29,235.77,9273331,227.09,235.94,226.0325
TSLA,Tesla Inc,2019-07-30,242.26,8109014,232.9,243.36,232.18
TSLA,Tesla Inc,2019-07-31,241.61,9178208,243.0,246.68,236.6501
TSLA,Tesla Inc,2019-08-01,233.85,8259516,242.65,244.51,231.77
TSLA,Tesla Inc,2019-08-02,234.34,6136481,231.35,236.27,229.23
TSLA,Tesla Inc,2019-08-03,234.34,6136481,231.35,236.27,229.23
TSLA,Tesla Inc,2019-08-04,234.34,6136481,231.35,236.27,229.23
TSLA,Tesla Inc,2019-08-05,228.32,7028279,229.6,231.3673,225.775
TSLA,Tesla Inc,2019-08-06,230.75,5564200,231.88,232.5,225.75
TSLA,Tesla Inc,2019-08-07,233.42,4776500,226.5,233.5688,225.8
TSLA,Tesla Inc,2019-08-08,238.3,5274349,234.45,239.8,232.65
TSLA,Tesla Inc,2019-08-09,235.01,3898244,236.054,238.96,233.81
TSLA,Tesla Inc,2019-08-10,235.01,3898244,236.054,238.96,233.81
TSLA,Tesla Inc,2019-08-11,235.01,3898244,236.054,238.96,233.81
TSLA,Tesla Inc,2019-08-12,229.01,4663937,232.99,235.77,228.75
TSLA,Tesla Inc,2019-08-13,235.0,4868998,228.81,236.0,227.55
TSLA,Tesla Inc,2019-08-14,219.62,9562591,231.21,231.5,216.69
TSLA,Tesla Inc,2019-08-15,215.64,8231952,220.86,221.56,211.55
TSLA,Tesla Inc,2019-08-16,219.94,5207376,216.66,222.24,216.02
TSLA,Tesla Inc,2019-08-17,219.94,5207376,216.66,222.24,216.02
TSLA,Tesla Inc,2019-08-18,219.94,5207376,216.66,222.24,216.02
TSLA,Tesla Inc,2019-08-19,226.83,5311748,224.21,227.83,221.7
TSLA,Tesla Inc,2019-08-20,225.86,4170527,227.62,229.09,224.54
TSLA,Tesla Inc,2019-08-21,220.83,7799744,222.01,223.22,217.6
TSLA,Tesla Inc,2019-08-22,222.15,6564964,222.8,225.4,218.22
TSLA,Tesla Inc,2019-08-23,211.4,8559704,219.97,221.17,211.0
TSLA,Tesla Inc,2019-08-24,211.4,8559704,219.97,221.17,211.0
TSLA,Tesla Inc,2019-08-25,211.4,8559704,219.97,221.17,211.0
TSLA,Tesla Inc,2019-08-26,215.0,5054414,213.6,215.02,211.54
TSLA,Tesla Inc,2019-08-27,214.08,5420727,215.74,218.8,212.03
TSLA,Tesla Inc,2019-08-28,215.59,3238625,213.69,217.25,212.31
TSLA,Tesla Inc,2019-08-29,221.71,5183104,219.0,223.4,218.0
TSLA,Tesla Inc,2019-08-30,225.61,9327775,229.15,232.44,224.213
TSLA,Tesla Inc,2019-08-31,225.61,9327775,229.15,232.44,224.213
TSLA,Tesla Inc,2019-09-01,225.61,9327775,229.15,232.44,224.213
TSLA,Tesla Inc,2019-09-02,225.61,9327775,229.15,232.44,224.213
TSLA,Tesla Inc,2019-09-03,225.01,5360546,224.08,228.95,223.16
TSLA,Tesla Inc,2019-09-04,220.68,5768696,226.89,228.46,219.205
TSLA,Tesla Inc,2019-09-05,229.58,7403322,222.5,229.8,220.85
TSLA,Tesla Inc,2019-09-06,227.45,4189372,227.2,229.64,225.17
TSLA,Tesla Inc,2019-09-07,227.45,4189372,227.2,229.64,225.17
TSLA,Tesla Inc,2019-09-08,227.45,4189372,227.2,229.64,225.17
TSLA,Tesla Inc,2019-09-09,231.79,4802669,230.0,233.76,229.23
TSLA,Tesla Inc,2019-09-10,235.54,4883714,230.8,235.54,228.94
TSLA,Tesla Inc,2019-09-11,247.1,10042780,237.38,248.1741,236.0
TSLA,Tesla Inc,2019-09-12,245.87,8581210,247.7,253.5,244.4
TSLA,Tesla Inc,2019-09-13,245.2,5313145,246.96,248.45,244.865
TSLA,Tesla Inc,2019-09-14,245.2,5313145,246.96,248.45,244.865
TSLA,Tesla Inc,2019-09-15,245.2,5313145,246.96,248.45,244.865
TSLA,Tesla Inc,2019-09-16,242.81,4728096,246.0,247.43,241.17
TSLA,Tesla Inc,2019-09-17,244.79,3946909,242.47,245.6,240.37
TSLA,Tesla Inc,2019-09-18,243.49,4228103,245.0,248.1685,242.37
TSLA,Tesla Inc,2019-09-19,246.6,4883135,246.0,247.94,244.84
TSLA,Tesla Inc,2019-09-20,240.62,6506264,246.49,246.946,238.16
TSLA,Tesla Inc,2019-09-21,240.62,6506264,246.49,246.946,238.16
TSLA,Tesla Inc,2019-09-22,240.62,6506264,246.49,246.946,238.16
TSLA,Tesla Inc,2019-09-23,241.23,4391630,240.0,245.1794,239.22
TSLA,Tesla Inc,2019-09-24,223.21,12941110,241.52,241.99,222.61
TSLA,Tesla Inc,2019-09-25,228.7,9444286,224.56,228.98,218.36
TSLA,Tesla Inc,2019-09-26,242.56,12078790,230.66,243.31,227.4
TSLA,Tesla Inc,2019-09-27,242.13,11123180,242.2,248.71,238.73
TSLA,Tesla Inc,2019-09-28,242.13,11123180,242.2,248.71,238.73
TSLA,Tesla Inc,2019-09-29,242.13,11123180,242.2,248.71,238.73
TSLA,Tesla Inc,2019-09-30,240.87,5946161,243.0,243.98,236.1111
TSLA,Tesla Inc,2019-10-01,244.69,6196290,241.5,245.95,239.13
TSLA,Tesla Inc,2019-10-02,243.13,6256548,243.29,244.65,239.43
TSLA,Tesla Inc,2019-10-03,233.03,15137760,231.86,234.48,224.28
TSLA,Tesla Inc,2019-10-04,231.43,8021180,231.61,234.78,228.07
TSLA,Tesla Inc,2019-10-05,231.43,8021180,231.61,234.78,228.07
TSLA,Tesla Inc,2019-10-06,231.43,8021180,231.61,234.78,228.07
TSLA,Tesla Inc,2019-10-07,237.72,8086957,229.8,238.56,228.55
TSLA,Tesla Inc,2019-10-08,240.05,8702338,235.87,243.94,234.5
TSLA,Tesla Inc,2019-10-09,244.53,6935033,241.32,247.295,240.65
TSLA,Tesla Inc,2019-10-10,244.74,6313417,245.28,249.28,241.58
TSLA,Tesla Inc,2019-10-11,247.89,8488159,247.15,251.08,246.81
TSLA,Tesla Inc,2019-10-12,247.89,8488159,247.15,251.08,246.81
TSLA,Tesla Inc,2019-10-13,247.89,8488159,247.15,251.08,246.81
TSLA,Tesla Inc,2019-10-14,256.96,10226860,247.9,258.55,247.13
TSLA,Tesla Inc,2019-10-15,257.89,6479456,257.7,260.0,254.12
TSLA,Tesla Inc,2019-10-16,259.75,6704303,257.39,262.1,256.92
TSLA,Tesla Inc,2019-10-17,261.97,4779043,262.5,264.78,260.17
TSLA,Tesla Inc,2019-10-18,256.95,5753666,260.7,262.8,255.1
TSLA,Tesla Inc,2019-10-19,256.95,5753666,260.7,262.8,255.1
TSLA,Tesla Inc,2019-10-20,256.95,5753666,260.7,262.8,255.1
TSLA,Tesla Inc,2019-10-21,253.5,5108101,258.33,259.5,250.18
TSLA,Tesla Inc,2019-10-22,255.58,4625095,254.32,258.33,250.85
TSLA,Tesla Inc,2019-10-23,254.68,11216180,254.5,256.14,251.35
TSLA,Tesla Inc,2019-10-24,299.68,29819230,298.37,304.93,289.2
TSLA,Tesla Inc,2019-10-25,328.13,30006090,297.72,330.0,296.11
TSLA,Tesla Inc,2019-10-26,328.13,30006090,297.72,330.0,296.11
TSLA,Tesla Inc,2019-10-27,328.13,30006090,297.72,330.0,296.11
TSLA,Tesla Inc,2019-10-28,327.71,18870290,327.54,340.84,322.6
TSLA,Tesla Inc,2019-10-29,316.22,12684270,319.99,324.3,314.75
TSLA,Tesla Inc,2019-10-30,315.01,9641810,313.0,318.79,309.97
TSLA,Tesla Inc,2019-10-31,314.92,5066956,313.1,319.0,313.0
TSLA,Tesla Inc,2019-11-01,313.31,6383929,316.32,316.48,309.8
TSLA,Tesla Inc,2019-11-02,313.31,6383929,316.32,316.48,309.8
TSLA,Tesla Inc,2019-11-03,313.31,6383929,316.32,316.48,309.8
TSLA,Tesla Inc,2019-11-04,317.47,8787040,314.8,321.94,309.26
TSLA,Tesla Inc,2019-11-05,317.22,6943417,319.62,323.51,316.118
TSLA,Tesla Inc,2019-11-06,326.58,7940932,318.0,326.72,314.5
TSLA,Tesla Inc,2019-11-07,335.54,14467350,329.14,341.5,328.02
TSLA,Tesla Inc,2019-11-08,337.14,6074221,334.5,337.46,332.5
TSLA,Tesla Inc,2019-11-09,337.14,6074221,334.5,337.46,332.5
TSLA,Tesla Inc,2019-11-10,337.14,6074221,334.5,337.46,332.5
TSLA,Tesla Inc,2019-11-11,345.09,9993689,343.95,349.19,342.0
TSLA,Tesla Inc,2019-11-12,349.93,7359383,346.9,350.37,344.04
TSLA,Tesla Inc,2019-11-13,346.11,8467863,355.0,356.33,345.18
TSLA,Tesla Inc,2019-11-14,349.35,6471703,346.11,353.84,342.91
TSLA,Tesla Inc,2019-11-15,352.17,4812563,350.64,352.8,348.36
TSLA,Tesla Inc,2019-11-16,352.17,4812563,350.64,352.8,348.36
TSLA,Tesla Inc,2019-11-17,352.17,4812563,350.64,352.8,348.36
TSLA,Tesla Inc,2019-11-18,349.99,4408505,352.917,353.15,346.1
TSLA,Tesla Inc,2019-11-19,359.52,7736078,351.75,359.99,347.8
TSLA,Tesla Inc,2019-11-20,352.22,6733965,360.0,361.2,349.57
TSLA,Tesla Inc,2019-11-21,354.83,6110013,354.51,360.84,354.0039
TSLA,Tesla Inc,2019-11-22,333.04,16870640,340.16,341.0,330.0
TSLA,Tesla Inc,2019-11-23,333.04,16870640,340.16,341.0,330.0
TSLA,Tesla Inc,2019-11-24,333.04,16870640,340.16,341.0,330.0
TSLA,Tesla Inc,2019-11-25,336.34,12345770,344.32,344.57,334.46
TSLA,Tesla Inc,2019-11-26,328.92,7956239,335.27,335.5,327.1
TSLA,Tesla Inc,2019-11-27,331.29,5563459,331.12,333.93,328.57
TSLA,Tesla Inc,2019-11-28,331.29,5563459,331.12,333.93,328.57
TSLA,Tesla Inc,2019-11-29,329.94,2465629,331.11,331.26,327.5
TSLA,Tesla Inc,2019-11-30,329.94,2465629,331.11,331.26,327.5
TSLA,Tesla Inc,2019-12-01,329.94,2465629,331.11,331.26,327.5
TSLA,Tesla Inc,2019-12-02,334.87,6081986,329.4,336.3827,328.687
TSLA,Tesla Inc,2019-12-03,336.2,6613476,332.62,337.91,332.186
TSLA,Tesla Inc,2019-12-04,333.03,5536255,337.75,337.86,332.85
TSLA,Tesla Inc,2019-12-05,330.37,3736976,332.83,334.4227,327.25
TSLA,Tesla Inc,2019-12-06,335.89,7618937,335.0,338.86,334.77
TSLA,Tesla Inc,2019-12-07,335.89,7618937,335.0,338.86,334.77
TSLA,Tesla Inc,2019-12-08,335.89,7618937,335.0,338.86,334.77
TSLA,Tesla Inc,2019-12-09,339.53,9040217,336.59,344.45,335.08
TSLA,Tesla Inc,2019-12-10,348.84,8839951,339.96,350.73,339.31
TSLA,Tesla Inc,2019-12-11,352.7,6919162,351.8765,357.1899,351.09
TSLA,Tesla Inc,2019-12-12,359.68,7776211,354.92,362.74,353.23
TSLA,Tesla Inc,2019-12-13,358.39,6574281,361.05,365.21,354.64
TSLA,Tesla Inc,2019-12-14,358.39,6574281,361.05,365.21,354.64
TSLA,Tesla Inc,2019-12-15,358.39,6574281,361.05,365.21,354.64
TSLA,Tesla Inc,2019-12-16,381.5,18220940,362.55,383.61,362.5
TSLA,Tesla Inc,2019-12-17,378.99,8503775,378.99,385.5,375.9
TSLA,Tesla Inc,2019-12-18,393.15,14136390,380.63,395.22,380.58
TSLA,Tesla Inc,2019-12-19,404.04,18120310,397.32,406.85,396.5
TSLA,Tesla Inc,2019-12-20,405.59,14785210,410.29,413.0,400.185
TSLA,Tesla Inc,2019-12-21,405.59,14785210,410.29,413.0,400.185
TSLA,Tesla Inc,2019-12-22,405.59,14785210,410.29,413.0,400.185
TSLA,Tesla Inc,2019-12-23,419.22,13332820,411.78,422.01,410.0
TSLA,Tesla Inc,2019-12-24,425.25,8054720,418.36,425.47,412.6875
TSLA,Tesla Inc,2019-12-25,425.25,8054720,418.36,425.47,412.6875
TSLA,Tesla Inc,2019-12-26,430.94,10648290,427.91,433.48,426.35
TSLA,Tesla Inc,2019-12-27,430.38,9956827,435.0,435.31,426.11
TSLA,Tesla Inc,2019-12-28,430.38,9956827,435.0,435.31,426.11
TSLA,Tesla Inc,2019-12-29,430.38,9956827,435.0,435.31,426.11
TSLA,Tesla Inc,2019-12-30,414.7,12601270,428.79,429.0,409.2589
TSLA,Tesla Inc,2019-12-31,418.33,10292460,405.0,421.29,402.08
